list-none-none,1,10,1,30,201764,6725
list-none-none,1,100,1,300,240049,800
list-none-none,1,1000,1,3000,3647064,1215
list-none-none,1,10000,1,30000,657855868,21928
list-none-none,1,20000,1,60000,3594010435,59900
list-i-m,1,2,1,6,196207,32701
list-i-s,1,2,1,6,191322,31887
list-i-none,1,2,1,6,173781,28963
list-d-m,1,2,1,6,202155,33692
list-d-s,1,2,1,6,195908,32651
list-d-none,1,2,1,6,190185,31697
list-l-m,1,2,1,6,176526,29421
list-l-s,1,2,1,6,206201,34366
list-l-none,1,2,1,6,193312,32218
list-di-m,1,2,1,6,224461,37410
list-di-s,1,2,1,6,197004,32834
list-di-none,1,2,1,6,165934,27655
list-il-m,1,2,1,6,207483,34580
list-il-s,1,2,1,6,218622,36437
list-il-none,1,2,1,6,188049,31341
list-dl-m,1,2,1,6,190921,31820
list-dl-s,1,2,1,6,188451,31408
list-dl-none,1,2,1,6,197380,32896
list-idl-m,1,2,1,6,189902,31650
list-idl-s,1,2,1,6,143085,23847
list-idl-none,1,2,1,6,191145,31857
list-none-m,1,2,1,6,168304,28050
list-none-s,1,2,1,6,188535,31422
list-none-none,1,2,1,6,191046,31841
list-i-m,1,4,1,12,189072,15756
list-i-s,1,4,1,12,193087,16090
list-i-none,1,4,1,12,167636,13969
list-d-m,1,4,1,12,189074,15756
list-d-s,1,4,1,12,157147,13095
list-d-none,1,4,1,12,188772,15731
list-l-m,1,4,1,12,158116,13176
list-l-s,1,4,1,12,173237,14436
list-l-none,1,4,1,12,150490,12540
list-di-m,1,4,1,12,149315,12442
list-di-s,1,4,1,12,174283,14523
list-di-none,1,4,1,12,160591,13382
list-il-m,1,4,1,12,155281,12940
list-il-s,1,4,1,12,187715,15642
list-il-none,1,4,1,12,190020,15835
list-dl-m,1,4,1,12,171942,14328
list-dl-s,1,4,1,12,169716,14143
list-dl-none,1,4,1,12,203121,16926
list-idl-m,1,4,1,12,154271,12855
list-idl-s,1,4,1,12,149191,12432
list-idl-none,1,4,1,12,149455,12454
list-none-m,1,4,1,12,145458,12121
list-none-s,1,4,1,12,148513,12376
list-none-none,1,4,1,12,146618,12218
list-i-m,1,8,1,24,168488,7020
list-i-s,1,8,1,24,218752,9114
list-i-none,1,8,1,24,168226,7009
list-d-m,1,8,1,24,206163,8590
list-d-s,1,8,1,24,146380,6099
list-d-none,1,8,1,24,172187,7174
list-l-m,1,8,1,24,196654,8193
list-l-s,1,8,1,24,158058,6585
list-l-none,1,8,1,24,170223,7092
list-di-m,1,8,1,24,180714,7529
list-di-s,1,8,1,24,173958,7248
list-di-none,1,8,1,24,172043,7168
list-il-m,1,8,1,24,164092,6837
list-il-s,1,8,1,24,153230,6384
list-il-none,1,8,1,24,150462,6269
list-dl-m,1,8,1,24,156225,6509
list-dl-s,1,8,1,24,175738,7322
list-dl-none,1,8,1,24,160338,6680
list-idl-m,1,8,1,24,155646,6485
list-idl-s,1,8,1,24,152018,6334
list-idl-none,1,8,1,24,151822,6325
list-none-m,1,8,1,24,169442,7060
list-none-s,1,8,1,24,164219,6842
list-none-none,1,8,1,24,151897,6329
list-i-m,1,10,1,30,146069,4868
list-i-s,1,10,1,30,193967,6465
list-i-none,1,10,1,30,199900,6663
list-d-m,1,10,1,30,170690,5689
list-d-s,1,10,1,30,151715,5057
list-d-none,1,10,1,30,186163,6205
list-l-m,1,10,1,30,197474,6582
list-l-s,1,10,1,30,201037,6701
list-l-none,1,10,1,30,199001,6633
list-di-m,1,10,1,30,178711,5957
list-di-s,1,10,1,30,176566,5885
list-di-none,1,10,1,30,184134,6137
list-il-m,1,10,1,30,208172,6939
list-il-s,1,10,1,30,198004,6600
list-il-none,1,10,1,30,209034,6967
list-dl-m,1,10,1,30,206446,6881
list-dl-s,1,10,1,30,172332,5744
list-dl-none,1,10,1,30,164074,5469
list-idl-m,1,10,1,30,223986,7466
list-idl-s,1,10,1,30,163523,5450
list-idl-none,1,10,1,30,164634,5487
list-none-m,1,10,1,30,155108,5170
list-none-s,1,10,1,30,144363,4812
list-none-none,1,10,1,30,164053,5468
list-i-m,1,12,1,36,156424,4345
list-i-s,1,12,1,36,161874,4496
list-i-none,1,12,1,36,152905,4247
list-d-m,1,12,1,36,195426,5428
list-d-s,1,12,1,36,177939,4942
list-d-none,1,12,1,36,206134,5725
list-l-m,1,12,1,36,190373,5288
list-l-s,1,12,1,36,190799,5299
list-l-none,1,12,1,36,209505,5819
list-di-m,1,12,1,36,206938,5748
list-di-s,1,12,1,36,175604,4877
list-di-none,1,12,1,36,174485,4846
list-il-m,1,12,1,36,185397,5149
list-il-s,1,12,1,36,169594,4710
list-il-none,1,12,1,36,191748,5326
list-dl-m,1,12,1,36,190137,5281
list-dl-s,1,12,1,36,218932,6081
list-dl-none,1,12,1,36,211023,5861
list-idl-m,1,12,1,36,183743,5103
list-idl-s,1,12,1,36,182228,5061
list-idl-none,1,12,1,36,191827,5328
list-none-m,1,12,1,36,198478,5513
list-none-s,1,12,1,36,194940,5415
list-none-none,1,12,1,36,171372,4760
list-i-m,1,16,1,48,211376,4403
list-i-s,1,16,1,48,222745,4640
list-i-none,1,16,1,48,200622,4179
list-d-m,1,16,1,48,206592,4304
list-d-s,1,16,1,48,183912,3831
list-d-none,1,16,1,48,232714,4848
list-l-m,1,16,1,48,229051,4771
list-l-s,1,16,1,48,217305,4527
list-l-none,1,16,1,48,211467,4405
list-di-m,1,16,1,48,263951,5498
list-di-s,1,16,1,48,176886,3685
list-di-none,1,16,1,48,190740,3973
list-il-m,1,16,1,48,207078,4314
list-il-s,1,16,1,48,190991,3978
list-il-none,1,16,1,48,230708,4806
list-dl-m,1,16,1,48,213370,4445
list-dl-s,1,16,1,48,192990,4020
list-dl-none,1,16,1,48,192324,4006
list-idl-m,1,16,1,48,219702,4577
list-idl-s,1,16,1,48,194297,4047
list-idl-none,1,16,1,48,218261,4547
list-none-m,1,16,1,48,206513,4302
list-none-s,1,16,1,48,217023,4521
list-none-none,1,16,1,48,172266,3588
list-i-m,1,32,1,96,179835,1873
list-i-s,1,32,1,96,196670,2048
list-i-none,1,32,1,96,203628,2121
list-d-m,1,32,1,96,203854,2123
list-d-s,1,32,1,96,205471,2140
list-d-none,1,32,1,96,182603,1902
list-l-m,1,32,1,96,276205,2877
list-l-s,1,32,1,96,270177,2814
list-l-none,1,32,1,96,249022,2593
list-di-m,1,32,1,96,219986,2291
list-di-s,1,32,1,96,215939,2249
list-di-none,1,32,1,96,212378,2212
list-il-m,1,32,1,96,278058,2896
list-il-s,1,32,1,96,257401,2681
list-il-none,1,32,1,96,254877,2654
list-dl-m,1,32,1,96,259149,2699
list-dl-s,1,32,1,96,310178,3231
list-dl-none,1,32,1,96,292766,3049
list-idl-m,1,32,1,96,255080,2657
list-idl-s,1,32,1,96,255418,2660
list-idl-none,1,32,1,96,254527,2651
list-none-m,1,32,1,96,198831,2071
list-none-s,1,32,1,96,177601,1850
list-none-none,1,32,1,96,175053,1823
list-i-m,1,100,1,300,269535,898
list-i-s,1,100,1,300,259674,865
list-i-none,1,100,1,300,276802,922
list-d-m,1,100,1,300,267706,892
list-d-s,1,100,1,300,261225,870
list-d-none,1,100,1,300,271144,903
list-l-m,1,100,1,300,826923,2756
list-l-s,1,100,1,300,866909,2889
list-l-none,1,100,1,300,843686,2812
list-di-m,1,100,1,300,266478,888
list-di-s,1,100,1,300,260278,867
list-di-none,1,100,1,300,259704,865
list-il-m,1,100,1,300,855652,2852
list-il-s,1,100,1,300,887867,2959
list-il-none,1,100,1,300,921430,3071
list-dl-m,1,100,1,300,872838,2909
list-dl-s,1,100,1,300,911595,3038
list-dl-none,1,100,1,300,918593,3061
list-idl-m,1,100,1,300,1034603,3448
list-idl-s,1,100,1,300,815777,2719
list-idl-none,1,100,1,300,890265,2967
list-none-m,1,100,1,300,249513,831
list-none-s,1,100,1,300,280876,936
list-none-none,1,100,1,300,247828,826
list-i-m,1,1000,1,3000,4171000,1390
list-i-s,1,1000,1,3000,4231718,1410
list-i-none,1,1000,1,3000,4221034,1407
list-d-m,1,1000,1,3000,4193332,1397
list-d-s,1,1000,1,3000,4187231,1395
list-d-none,1,1000,1,3000,4161724,1387
list-l-m,1,1000,1,3000,67095702,22365
list-l-s,1,1000,1,3000,65952243,21984
list-l-none,1,1000,1,3000,66256441,22085
list-di-m,1,1000,1,3000,4468389,1489
list-di-s,1,1000,1,3000,4406939,1468
list-di-none,1,1000,1,3000,4401437,1467
list-il-m,1,1000,1,3000,66138213,22046
list-il-s,1,1000,1,3000,67027575,22342
list-il-none,1,1000,1,3000,66482756,22160
list-dl-m,1,1000,1,3000,66558356,22186
list-dl-s,1,1000,1,3000,66989897,22329
list-dl-none,1,1000,1,3000,65057601,21685
list-idl-m,1,1000,1,3000,67267333,22422
list-idl-s,1,1000,1,3000,67768988,22589
list-idl-none,1,1000,1,3000,67175588,22391
list-none-m,1,1000,1,3000,3847147,1282
list-none-s,1,1000,1,3000,3965164,1321
list-none-none,1,1000,1,3000,3903438,1301
list-i-m,2,2,1,12,298039,24836
list-i-s,2,2,1,12,196889,16407
list-i-none,2,2,1,12,193513,16126
list-d-m,2,2,1,12,194295,16191
list-d-s,2,2,1,12,268306,22358
list-d-none,2,2,1,12,214854,17904
list-l-m,2,2,1,12,226486,18873
list-l-s,2,2,1,12,178762,14896
list-l-none,2,2,1,12,178508,14875
list-di-m,2,2,1,12,192384,16032
list-di-s,2,2,1,12,219407,18283
list-di-none,2,2,1,12,249963,20830
list-il-m,2,2,1,12,232843,19403
list-il-s,2,2,1,12,201425,16785
list-il-none,2,2,1,12,171391,14282
list-dl-m,2,2,1,12,202876,16906
list-dl-s,2,2,1,12,181772,15147
list-dl-none,2,2,1,12,178560,14880
list-idl-m,2,2,1,12,183868,15322
list-idl-s,2,2,1,12,188404,15700
list-idl-none,2,2,1,12,195213,16267
list-none-m,2,2,1,12,212257,17688
list-none-s,2,2,1,12,178594,14882
list-none-none,2,2,1,12,205759,17146
list-i-m,2,4,1,24,243674,10153
list-i-s,2,4,1,24,214891,8953
list-i-none,2,4,1,24,199829,8326
list-d-m,2,4,1,24,225001,9375
list-d-s,2,4,1,24,213917,8913
list-d-none,2,4,1,24,201059,8377
list-l-m,2,4,1,24,190134,7922
list-l-s,2,4,1,24,212027,8834
list-di-m,2,4,1,24,211371,8807
list-di-s,2,4,1,24,188141,7839
list-di-none,2,4,1,24,200391,8349
list-il-m,2,4,1,24,203553,8481
list-il-s,2,4,1,24,228653,9527
list-il-none,2,4,1,24,210959,8789
list-dl-m,2,4,1,24,202153,8423
list-dl-s,2,4,1,24,175436,7309
list-dl-none,2,4,1,24,227995,9499
list-idl-m,2,4,1,24,233093,9712
list-idl-s,2,4,1,24,226296,9429
list-idl-none,2,4,1,24,215337,8972
list-none-m,2,4,1,24,210973,8790
list-none-s,2,4,1,24,193999,8083
list-none-none,2,4,1,24,198209,8258
list-i-m,2,8,1,48,214030,4458
list-i-s,2,8,1,48,175918,3664
list-i-none,2,8,1,48,161663,3367
list-d-m,2,8,1,48,170881,3560
list-d-s,2,8,1,48,165553,3449
list-d-none,2,8,1,48,192571,4011
list-l-m,2,8,1,48,183632,3825
list-l-s,2,8,1,48,206950,4311
list-l-none,2,8,1,48,155520,3240
list-di-m,2,8,1,48,169832,3538
list-di-s,2,8,1,48,156581,3262
list-di-none,2,8,1,48,176742,3682
list-il-m,2,8,1,48,204967,4270
list-il-s,2,8,1,48,211975,4416
list-dl-m,2,8,1,48,254870,5309
list-dl-s,2,8,1,48,204792,4266
list-dl-none,2,8,1,48,225340,4694
list-idl-m,2,8,1,48,236323,4923
list-idl-s,2,8,1,48,208139,4336
list-idl-none,2,8,1,48,197302,4110
list-none-m,2,8,1,48,184387,3841
list-none-s,2,8,1,48,179917,3748
list-none-none,2,8,1,48,174166,3628
list-i-m,2,10,1,60,163158,2719
list-i-s,2,10,1,60,208120,3468
list-i-none,2,10,1,60,181950,3032
list-d-m,2,10,1,60,181963,3032
list-d-s,2,10,1,60,177942,2965
list-d-none,2,10,1,60,182427,3040
list-l-m,2,10,1,60,262323,4372
list-l-s,2,10,1,60,221336,3688
list-di-m,2,10,1,60,231633,3860
list-di-s,2,10,1,60,226924,3782
list-di-none,2,10,1,60,211351,3522
list-il-m,2,10,1,60,255718,4261
list-il-s,2,10,1,60,244711,4078
list-il-none,2,10,1,60,232962,3882
list-dl-m,2,10,1,60,210673,3511
list-dl-s,2,10,1,60,194929,3248
list-idl-m,2,10,1,60,224147,3735
list-idl-s,2,10,1,60,213114,3551
list-idl-none,2,10,1,60,181196,3019
list-none-m,2,10,1,60,159794,2663
list-none-s,2,10,1,60,202412,3373
list-i-m,2,12,1,72,246385,3422
list-i-s,2,12,1,72,236638,3286
list-d-m,2,12,1,72,240589,3341
list-d-s,2,12,1,72,197956,2749
list-d-none,2,12,1,72,183188,2544
list-l-m,2,12,1,72,289755,4024
list-l-s,2,12,1,72,218862,3039
list-di-m,2,12,1,72,224882,3123
list-di-s,2,12,1,72,221561,3077
list-il-m,2,12,1,72,302308,4198
list-il-s,2,12,1,72,911928,12665
list-dl-m,2,12,1,72,244811,3400
list-dl-s,2,12,1,72,243178,3377
list-idl-m,2,12,1,72,313852,4359
list-idl-s,2,12,1,72,223974,3110
list-idl-none,2,12,1,72,248335,3449
list-none-m,2,12,1,72,220986,3069
list-none-s,2,12,1,72,245126,3404
list-none-none,2,12,1,72,243421,3380
list-i-m,2,16,1,96,226342,2357
list-i-s,2,16,1,96,234027,2437
list-d-m,2,16,1,96,209337,2180
list-d-s,2,16,1,96,201419,2098
list-d-none,2,16,1,96,255846,2665
list-l-m,2,16,1,96,301505,3140
list-l-s,2,16,1,96,330335,3440
list-di-m,2,16,1,96,286418,2983
list-di-s,2,16,1,96,257052,2677
list-di-none,2,16,1,96,267287,2784
list-il-m,2,16,1,96,232983,2426
list-il-s,2,16,1,96,286861,2988
list-il-none,2,16,1,96,302420,3150
list-dl-m,2,16,1,96,291849,3040
list-dl-s,2,16,1,96,317702,3309
list-dl-none,2,16,1,96,222788,2320
list-idl-m,2,16,1,96,237664,2475
list-idl-s,2,16,1,96,308464,3213
list-none-m,2,16,1,96,198600,2068
list-none-s,2,16,1,96,203584,2120
list-none-none,2,16,1,96,241558,2516
list-i-m,2,32,1,192,278018,1448
list-i-s,2,32,1,192,296506,1544
list-d-m,2,32,1,192,307140,1599
list-d-s,2,32,1,192,204821,1066
list-d-none,2,32,1,192,273127,1422
list-l-m,2,32,1,192,336952,1754
list-l-s,2,32,1,192,584083,3042
list-l-none,2,32,1,192,317683,1654
list-di-m,2,32,1,192,307273,1600
list-di-s,2,32,1,192,283147,1474
list-il-m,2,32,1,192,475716,2477
list-il-s,2,32,1,192,694865,3619
list-il-none,2,32,1,192,467654,2435
list-dl-m,2,32,1,192,480808,2504
list-dl-s,2,32,1,192,544711,2837
list-dl-none,2,32,1,192,414163,2157
list-idl-m,2,32,1,192,450870,2348
list-idl-s,2,32,1,192,290743,1514
list-idl-none,2,32,1,192,270511,1408
list-none-m,2,32,1,192,224715,1170
list-none-s,2,32,1,192,264040,1375
list-none-none,2,32,1,192,222819,1160
list-i-m,2,100,1,600,703236,1172
list-i-s,2,100,1,600,689892,1149
list-d-m,2,100,1,600,443227,738
list-d-s,2,100,1,600,517431,862
list-d-none,2,100,1,600,688789,1147
list-l-m,2,100,1,600,3037809,5063
list-l-s,2,100,1,600,3853074,6421
list-di-m,2,100,1,600,513882,856
list-di-s,2,100,1,600,576338,960
list-il-m,2,100,1,600,3251659,5419
list-il-s,2,100,1,600,4202668,7004
list-dl-m,2,100,1,600,1914238,3190
list-dl-s,2,100,1,600,3855241,6425
list-dl-none,2,100,1,600,2036833,3394
list-idl-m,2,100,1,600,3236384,5393
list-idl-s,2,100,1,600,3636824,6061
list-idl-none,2,100,1,600,1949887,3249
list-none-m,2,100,1,600,619246,1032
list-none-s,2,100,1,600,593031,988
list-none-none,2,100,1,600,589032,981
list-i-m,2,1000,1,6000,29283758,4880
list-i-s,2,1000,1,6000,54417646,9069
list-d-m,2,1000,1,6000,23253822,3875
list-d-s,2,1000,1,6000,23272853,3878
list-d-none,2,1000,1,6000,29059409,4843
list-l-m,2,1000,1,6000,270693611,45115
list-l-s,2,1000,1,6000,343127160,57187
list-di-m,2,1000,1,6000,22132076,3688
list-di-s,2,1000,1,6000,40709253,6784
list-il-m,2,1000,1,6000,276141821,46023
list-il-s,2,1000,1,6000,361251059,60208
list-il-none,2,1000,1,6000,137093117,22848
list-dl-m,2,1000,1,6000,269656235,44942
list-dl-s,2,1000,1,6000,287948134,47991
list-idl-m,2,1000,1,6000,232474705,38745
list-idl-s,2,1000,1,6000,347791068,57965
list-none-m,2,1000,1,6000,21216926,3536
list-none-s,2,1000,1,6000,39932338,6655
list-i-m,4,2,1,24,249752,10406
list-i-s,4,2,1,24,239738,9989
list-d-m,4,2,1,24,215295,8970
list-d-s,4,2,1,24,252721,10530
list-d-none,4,2,1,24,249857,10410
list-l-m,4,2,1,24,257797,10741
list-l-s,4,2,1,24,243796,10158
list-l-none,4,2,1,24,249847,10410
list-di-m,4,2,1,24,255016,10625
list-di-s,4,2,1,24,255376,10640
list-di-none,4,2,1,24,257136,10714
list-il-m,4,2,1,24,253990,10582
list-il-s,4,2,1,24,236412,9850
list-il-none,4,2,1,24,272945,11372
list-dl-m,4,2,1,24,245741,10239
list-dl-s,4,2,1,24,276616,11525
list-dl-none,4,2,1,24,258208,10758
list-idl-m,4,2,1,24,207408,8642
list-idl-s,4,2,1,24,210879,8786
list-idl-none,4,2,1,24,236867,9869
list-none-m,4,2,1,24,218763,9115
list-none-s,4,2,1,24,1490144,62089
list-none-none,4,2,1,24,211096,8795
list-i-m,4,4,1,48,195405,4070
list-i-s,4,4,1,48,203186,4233
list-d-m,4,4,1,48,219907,4581
list-d-s,4,4,1,48,198604,4137
list-d-none,4,4,1,48,218715,4556
list-l-m,4,4,1,48,184579,3845
list-l-s,4,4,1,48,202335,4215
list-l-none,4,4,1,48,208934,4352
list-di-m,4,4,1,48,211568,4407
list-di-s,4,4,1,48,214388,4466
list-di-none,4,4,1,48,225701,4702
list-il-m,4,4,1,48,1514133,31544
list-il-s,4,4,1,48,210307,4381
list-dl-m,4,4,1,48,243807,5079
list-dl-s,4,4,1,48,239357,4986
list-dl-none,4,4,1,48,240155,5003
list-idl-m,4,4,1,48,220386,4591
list-idl-s,4,4,1,48,241238,5025
list-idl-none,4,4,1,48,230526,4802
list-none-m,4,4,1,48,196473,4093
list-none-s,4,4,1,48,286389,5966
list-none-none,4,4,1,48,252947,5269
list-i-m,4,8,1,96,222888,2321
list-i-s,4,8,1,96,232860,2425
list-i-none,4,8,1,96,200135,2084
list-d-m,4,8,1,96,179533,1870
list-d-s,4,8,1,96,230617,2402
list-l-m,4,8,1,96,184900,1926
list-l-s,4,8,1,96,249166,2595
list-l-none,4,8,1,96,240661,2506
list-di-m,4,8,1,96,313785,3268
list-di-s,4,8,1,96,251902,2623
list-di-none,4,8,1,96,242912,2530
list-il-m,4,8,1,96,218479,2275
list-il-s,4,8,1,96,202095,2105
list-dl-m,4,8,1,96,209147,2178
list-dl-s,4,8,1,96,207082,2157
list-dl-none,4,8,1,96,219718,2288
list-idl-m,4,8,1,96,223763,2330
list-idl-s,4,8,1,96,216193,2252
list-idl-none,4,8,1,96,211987,2208
list-none-m,4,8,1,96,219380,2285
list-none-s,4,8,1,96,228403,2379
list-none-none,4,8,1,96,221212,2304
list-i-m,4,10,1,120,247950,2066
list-i-s,4,10,1,120,203654,1697
list-d-m,4,10,1,120,206304,1719
list-d-s,4,10,1,120,201048,1675
list-d-none,4,10,1,120,226364,1886
list-l-m,4,10,1,120,230633,1921
list-l-s,4,10,1,120,256958,2141
list-l-none,4,10,1,120,227321,1894
list-di-m,4,10,1,120,235011,1958
list-di-s,4,10,1,120,267681,2230
list-di-none,4,10,1,120,235635,1963
list-il-m,4,10,1,120,370079,3083
list-il-s,4,10,1,120,222270,1852
list-il-none,4,10,1,120,213671,1780
list-dl-m,4,10,1,120,236497,1970
list-dl-s,4,10,1,120,253540,2112
list-dl-none,4,10,1,120,221798,1848
list-idl-m,4,10,1,120,211270,1760
list-idl-s,4,10,1,120,245976,2049
list-idl-none,4,10,1,120,229024,1908
list-none-m,4,10,1,120,240635,2005
list-none-s,4,10,1,120,187687,1564
list-none-none,4,10,1,120,183329,1527
list-i-m,4,12,1,144,233776,1623
list-i-s,4,12,1,144,204953,1423
list-i-none,4,12,1,144,186721,1296
list-d-m,4,12,1,144,224252,1557
list-d-s,4,12,1,144,244323,1696
list-l-m,4,12,1,144,263754,1831
list-l-s,4,12,1,144,322632,2240
list-l-none,4,12,1,144,293621,2039
list-di-m,4,12,1,144,308916,2145
list-di-s,4,12,1,144,236672,1643
list-di-none,4,12,1,144,242432,1683
list-il-m,4,12,1,144,334340,2321
list-il-s,4,12,1,144,286740,1991
list-dl-m,4,12,1,144,396610,2754
list-dl-s,4,12,1,144,267132,1855
list-dl-none,4,12,1,144,301971,2097
list-idl-m,4,12,1,144,401052,2785
list-idl-s,4,12,1,144,230195,1598
list-idl-none,4,12,1,144,263983,1833
list-none-m,4,12,1,144,249527,1732
list-none-s,4,12,1,144,219290,1522
list-none-none,4,12,1,144,221098,1535
list-i-m,4,16,1,192,374006,1947
list-i-s,4,16,1,192,206214,1074
list-d-m,4,16,1,192,208947,1088
list-d-s,4,16,1,192,264063,1375
list-d-none,4,16,1,192,231164,1203
list-l-m,4,16,1,192,370359,1928
list-l-s,4,16,1,192,396431,2064
list-l-none,4,16,1,192,323864,1686
list-di-m,4,16,1,192,251838,1311
list-di-s,4,16,1,192,293888,1530
list-il-m,4,16,1,192,425300,2215
list-il-s,4,16,1,192,419590,2185
list-dl-m,4,16,1,192,373646,1946
list-dl-s,4,16,1,192,493056,2568
list-dl-none,4,16,1,192,304845,1587
list-idl-m,4,16,1,192,367934,1916
list-idl-s,4,16,1,192,446677,2326
list-idl-none,4,16,1,192,312197,1626
list-none-m,4,16,1,192,241806,1259
list-none-s,4,16,1,192,227865,1186
list-none-none,4,16,1,192,219075,1141
list-i-m,4,32,1,384,549750,1431
list-i-s,4,32,1,384,568380,1480
list-d-m,4,32,1,384,369666,962
list-d-s,4,32,1,384,456891,1189
list-d-none,4,32,1,384,263974,687
list-l-m,4,32,1,384,1330854,3465
list-l-s,4,32,1,384,1526992,3976
list-di-m,4,32,1,384,509800,1327
list-di-s,4,32,1,384,432535,1126
list-di-none,4,32,1,384,267553,696
list-il-m,4,32,1,384,957667,2493
list-il-s,4,32,1,384,1260923,3283
list-dl-m,4,32,1,384,844740,2199
list-dl-s,4,32,1,384,1214451,3162
list-dl-none,4,32,1,384,551678,1436
list-idl-m,4,32,1,384,1033393,2691
list-idl-s,4,32,1,384,2150949,5601
list-idl-none,4,32,1,384,647320,1685
list-none-m,4,32,1,384,1490019,3880
list-none-s,4,32,1,384,260221,677
list-none-none,4,32,1,384,227966,593
list-i-m,4,100,1,1200,1629899,1358
list-i-s,4,100,1,1200,2549312,2124
list-i-none,4,100,1,1200,758115,631
list-d-m,4,100,1,1200,1438969,1199
list-d-s,4,100,1,1200,1800747,1500
list-l-m,4,100,1,1200,10892250,9076
list-l-s,4,100,1,1200,19834319,16528
list-di-m,4,100,1,1200,2167171,1805
list-di-s,4,100,1,1200,1761764,1468
list-di-none,4,100,1,1200,888107,740
list-il-m,4,100,1,1200,9534750,7945
list-il-s,4,100,1,1200,10904531,9087
list-dl-m,4,100,1,1200,10846101,9038
list-dl-s,4,100,1,1200,15003894,12503
list-idl-m,4,100,1,1200,7290778,6075
list-idl-s,4,100,1,1200,19000869,15834
list-none-m,4,100,1,1200,1713354,1427
list-none-s,4,100,1,1200,2715106,2262
list-none-none,4,100,1,1200,1083945,903
list-i-m,4,1000,1,12000,89521155,7460
list-i-s,4,1000,1,12000,162550423,13545
list-d-m,4,1000,1,12000,91682425,7640
list-d-s,4,1000,1,12000,261965864,21830
list-l-m,4,1000,1,12000,1151180763,95931
list-l-s,4,1000,1,12000,1731820525,144318
list-di-m,4,1000,1,12000,104578844,8714
list-di-s,4,1000,1,12000,113996100,9499
list-il-m,4,1000,1,12000,861954856,71829
list-il-s,4,1000,1,12000,794662148,66221
list-dl-m,4,1000,1,12000,789244844,65770
list-dl-s,4,1000,1,12000,1263763503,105313
list-dl-none,4,1000,1,12000,300991305,25082
list-idl-m,4,1000,1,12000,3958113499,329842
list-idl-s,4,1000,1,12000,5431265827,452605
list-none-m,4,1000,1,12000,88833793,7402
list-none-s,4,1000,1,12000,58824724,4902
list-i-m,8,2,1,48,380027,7917
list-i-s,8,2,1,48,1041261,21692
list-i-none,8,2,1,48,352619,7346
list-d-m,8,2,1,48,1057718,22035
list-d-s,8,2,1,48,1059827,22079
list-d-none,8,2,1,48,1004971,20936
list-l-m,8,2,1,48,1684316,35089
list-l-s,8,2,1,48,415802,8662
list-l-none,8,2,1,48,338123,7044
list-di-m,8,2,1,48,334666,6972
list-di-s,8,2,1,48,1035502,21572
list-di-none,8,2,1,48,321008,6687
list-il-m,8,2,1,48,1713732,35702
list-il-s,8,2,1,48,1060971,22103
list-il-none,8,2,1,48,1061418,22112
list-dl-m,8,2,1,48,1055265,21984
list-dl-s,8,2,1,48,338412,7050
list-dl-none,8,2,1,48,979166,20399
list-idl-m,8,2,1,48,334498,6968
list-idl-s,8,2,1,48,991382,20653
list-idl-none,8,2,1,48,340978,7103
list-none-m,8,2,1,48,337895,7039
list-none-s,8,2,1,48,1015966,21165
list-none-none,8,2,1,48,3611624,75242
list-i-m,8,4,1,96,579257,6033
list-i-s,8,4,1,96,3796241,39544
list-i-none,8,4,1,96,3702141,38563
list-d-m,8,4,1,96,674283,7023
list-d-s,8,4,1,96,3374283,35148
list-d-none,8,4,1,96,353794,3685
list-l-m,8,4,1,96,1072190,11168
list-l-s,8,4,1,96,991406,10327
list-l-none,8,4,1,96,996147,10376
list-di-m,8,4,1,96,977525,10182
list-di-s,8,4,1,96,358888,3738
list-di-none,8,4,1,96,311213,3241
list-il-m,8,4,1,96,1015522,10578
list-il-s,8,4,1,96,1018537,10609
list-il-none,8,4,1,96,1086101,11313
list-dl-m,8,4,1,96,4214307,43899
list-dl-s,8,4,1,96,1056698,11007
list-dl-none,8,4,1,96,362673,3777
list-idl-m,8,4,1,96,1021607,10641
list-idl-s,8,4,1,96,1055651,10996
list-idl-none,8,4,1,96,1676171,17460
list-none-m,8,4,1,96,412604,4297
list-none-s,8,4,1,96,340972,3551
list-none-none,8,4,1,96,331480,3452
list-i-m,8,8,1,192,362574,1888
list-i-s,8,8,1,192,1001869,5218
list-i-none,8,8,1,192,382875,1994
list-d-m,8,8,1,192,405538,2112
list-d-s,8,8,1,192,699774,3644
list-d-none,8,8,1,192,386803,2014
list-l-m,8,8,1,192,792802,4129
list-l-s,8,8,1,192,1679819,8749
list-di-m,8,8,1,192,573447,2986
list-di-s,8,8,1,192,4242412,22095
list-di-none,8,8,1,192,491127,2557
list-il-m,8,8,1,192,1456124,7583
list-il-s,8,8,1,192,567328,2954
list-dl-m,8,8,1,192,720487,3752
list-dl-s,8,8,1,192,734028,3823
list-idl-m,8,8,1,192,755497,3934
list-idl-s,8,8,1,192,765022,3984
list-idl-none,8,8,1,192,1076432,5606
list-none-m,8,8,1,192,362811,1889
list-none-s,8,8,1,192,1055215,5495
list-i-m,8,10,1,240,4191305,17463
list-i-s,8,10,1,240,4173840,17391
list-d-m,8,10,1,240,1049333,4372
list-d-s,8,10,1,240,345396,1439
list-l-m,8,10,1,240,1532165,6384
list-l-s,8,10,1,240,1442608,6010
list-di-m,8,10,1,240,418067,1741
list-di-s,8,10,1,240,443998,1849
list-di-none,8,10,1,240,691024,2879
list-il-m,8,10,1,240,744123,3100
list-il-s,8,10,1,240,1312924,5470
list-dl-m,8,10,1,240,1057642,4406
list-dl-s,8,10,1,240,656730,2736
list-dl-none,8,10,1,240,4314898,17978
list-idl-m,8,10,1,240,1183471,4931
list-idl-s,8,10,1,240,706228,2942
list-none-m,8,10,1,240,404874,1686
list-none-s,8,10,1,240,1069106,4454
list-i-m,8,12,1,288,1120464,3890
list-i-s,8,12,1,288,398604,1384
list-i-none,8,12,1,288,355611,1234
list-d-m,8,12,1,288,1028822,3572
list-d-s,8,12,1,288,361337,1254
list-d-none,8,12,1,288,1066347,3702
list-l-m,8,12,1,288,1548568,5376
list-l-s,8,12,1,288,2565980,8909
list-di-m,8,12,1,288,645138,2240
list-di-s,8,12,1,288,356707,1238
list-il-m,8,12,1,288,1695245,5886
list-il-s,8,12,1,288,827427,2873
list-dl-m,8,12,1,288,1102284,3827
list-dl-s,8,12,1,288,916741,3183
list-dl-none,8,12,1,288,943411,3275
list-idl-m,8,12,1,288,832600,2890
list-idl-s,8,12,1,288,2705370,9393
list-idl-none,8,12,1,288,632365,2195
list-none-m,8,12,1,288,370463,1286
list-none-s,8,12,1,288,1086623,3772
list-none-none,8,12,1,288,552471,1918
list-i-m,8,16,1,384,1016337,2646
list-i-s,8,16,1,384,4325055,11263
list-d-m,8,16,1,384,998570,2600
list-d-s,8,16,1,384,456672,1189
list-d-none,8,16,1,384,905907,2359
list-l-m,8,16,1,384,1943275,5060
list-l-s,8,16,1,384,4669707,12160
list-l-none,8,16,1,384,1380373,3594
list-di-m,8,16,1,384,1604261,4177
list-di-s,8,16,1,384,773533,2014
list-il-m,8,16,1,384,2492638,6491
list-il-s,8,16,1,384,3356412,8740
list-dl-m,8,16,1,384,1926675,5017
list-dl-s,8,16,1,384,4056519,10563
list-dl-none,8,16,1,384,1395026,3632
list-idl-m,8,16,1,384,1144663,2980
list-idl-s,8,16,1,384,1479673,3853
list-idl-none,8,16,1,384,1403808,3655
list-none-m,8,16,1,384,1021950,2661
list-none-s,8,16,1,384,432024,1125
list-none-none,8,16,1,384,326861,851
list-i-m,8,32,1,768,1666551,2169
list-i-s,8,32,1,768,911573,1186
list-d-m,8,32,1,768,1988124,2588
list-d-s,8,32,1,768,426844,555
list-l-m,8,32,1,768,3857594,5022
list-l-s,8,32,1,768,8887838,11572
list-di-m,8,32,1,768,2322852,3024
list-di-s,8,32,1,768,1211708,1577
list-il-m,8,32,1,768,12079576,15728
list-il-s,8,32,1,768,20538587,26742
list-il-none,8,32,1,768,3725124,4850
list-dl-m,8,32,1,768,8915952,11609
list-dl-s,8,32,1,768,11859812,15442
list-idl-m,8,32,1,768,5528953,7199
list-idl-s,8,32,1,768,14904182,19406
list-none-m,8,32,1,768,1110836,1446
list-none-s,8,32,1,768,4294892,5592
list-i-m,8,100,1,2400,8794666,3664
list-i-s,8,100,1,2400,8785565,3660
list-d-m,8,100,1,2400,9578602,3991
list-d-s,8,100,1,2400,7674144,3197
list-l-m,8,100,1,2400,84285888,35119
list-l-s,8,100,1,2400,92797452,38665
list-di-m,8,100,1,2400,8755575,3648
list-di-s,8,100,1,2400,8452246,3521
list-il-m,8,100,1,2400,71159272,29649
list-il-s,8,100,1,2400,61276319,25531
list-dl-m,8,100,1,2400,56163206,23401
list-dl-s,8,100,1,2400,94730879,39471
list-idl-m,8,100,1,2400,67875518,28281
list-idl-s,8,100,1,2400,67084059,27951
list-none-m,8,100,1,2400,6599565,2749
list-none-s,8,100,1,2400,6485638,2702
list-i-m,8,1000,1,24000,344125953,14338
list-i-s,8,1000,1,24000,456014374,19000
list-d-m,8,1000,1,24000,321993958,13416
list-d-s,8,1000,1,24000,470001875,19583
list-d-none,8,1000,1,24000,81730263,3405
list-l-m,8,1000,1,24000,11351995940,472999
list-l-s,8,1000,1,24000,12618771651,525782
list-l-none,8,1000,1,24000,2482223647,103425
list-di-m,8,1000,1,24000,283717877,11821
list-di-s,8,1000,1,24000,498826452,20784
list-di-none,8,1000,1,24000,81838437,3409
list-il-m,8,1000,1,24000,2968008093,123667
list-il-s,8,1000,1,24000,3911097186,162962
list-dl-m,8,1000,1,24000,4173954877,173914
list-dl-s,8,1000,1,24000,6393773948,266407
list-idl-m,8,1000,1,24000,3444073889,143503
list-idl-s,8,1000,1,24000,7371599867,307149
list-none-m,8,1000,1,24000,396307467,16512
list-none-s,8,1000,1,24000,967633239,40318
list-i-m,12,2,1,72,1172821,16289
list-i-s,12,2,1,72,1116307,15504
list-i-none,12,2,1,72,1067966,14832
list-d-m,12,2,1,72,1032641,14342
list-d-s,12,2,1,72,995680,13828
list-d-none,12,2,1,72,988682,13731
list-l-m,12,2,1,72,1019017,14153
list-l-s,12,2,1,72,429046,5958
list-l-none,12,2,1,72,998854,13872
list-di-m,12,2,1,72,993211,13794
list-di-s,12,2,1,72,1028844,14289
list-di-none,12,2,1,72,1067540,14826
list-il-m,12,2,1,72,974275,13531
list-il-s,12,2,1,72,785641,10911
list-il-none,12,2,1,72,678998,9430
list-dl-m,12,2,1,72,654458,9089
list-dl-s,12,2,1,72,385515,5354
list-dl-none,12,2,1,72,726448,10089
list-idl-m,12,2,1,72,1081881,15026
list-idl-s,12,2,1,72,728428,10117
list-idl-none,12,2,1,72,997753,13857
list-none-m,12,2,1,72,702601,9758
list-none-s,12,2,1,72,357975,4971
list-none-none,12,2,1,72,973372,13519
list-i-m,12,4,1,144,994911,6909
list-i-s,12,4,1,144,876357,6085
list-i-none,12,4,1,144,411750,2859
list-d-m,12,4,1,144,823533,5718
list-d-s,12,4,1,144,452996,3145
list-d-none,12,4,1,144,1118916,7770
list-l-m,12,4,1,144,1122280,7793
list-l-s,12,4,1,144,1155009,8020
list-l-none,12,4,1,144,1034249,7182
list-di-m,12,4,1,144,1069642,7428
list-di-s,12,4,1,144,1225961,8513
list-di-none,12,4,1,144,1088925,7561
list-il-m,12,4,1,144,1120294,7779
list-il-s,12,4,1,144,630754,4380
list-dl-m,12,4,1,144,742623,5157
list-dl-s,12,4,1,144,563572,3913
list-dl-none,12,4,1,144,1130090,7847
list-idl-m,12,4,1,144,394353,2738
list-idl-s,12,4,1,144,1120049,7778
list-idl-none,12,4,1,144,2018673,14018
list-none-m,12,4,1,144,1010447,7016
list-none-s,12,4,1,144,752239,5223
list-none-none,12,4,1,144,987880,6860
list-i-m,12,8,1,288,471723,1637
list-i-s,12,8,1,288,1145168,3976
list-i-none,12,8,1,288,966633,3356
list-d-m,12,8,1,288,527516,1831
list-d-s,12,8,1,288,999691,3471
list-d-none,12,8,1,288,792881,2753
list-l-m,12,8,1,288,1004224,3486
list-l-s,12,8,1,288,895645,3109
list-l-none,12,8,1,288,429239,1490
list-di-m,12,8,1,288,989774,3436
list-di-s,12,8,1,288,1146979,3982
list-il-m,12,8,1,288,416758,1447
list-il-s,12,8,1,288,640348,2223
list-dl-m,12,8,1,288,599340,2081
list-dl-s,12,8,1,288,1036444,3598
list-idl-m,12,8,1,288,996208,3459
list-idl-s,12,8,1,288,1038972,3607
list-none-m,12,8,1,288,588774,2044
list-none-s,12,8,1,288,1052149,3653
list-i-m,12,10,1,360,696242,1934
list-i-s,12,10,1,360,1017573,2826
list-d-m,12,10,1,360,522299,1450
list-d-s,12,10,1,360,395882,1099
list-d-none,12,10,1,360,646445,1795
list-l-m,12,10,1,360,1058387,2939
list-l-s,12,10,1,360,1690372,4695
list-di-m,12,10,1,360,648952,1802
list-di-s,12,10,1,360,661391,1837
list-il-m,12,10,1,360,828297,2300
list-il-s,12,10,1,360,2461433,6837
list-dl-m,12,10,1,360,1950230,5417
list-dl-s,12,10,1,360,1035442,2876
list-idl-m,12,10,1,360,1100902,3058
list-idl-s,12,10,1,360,356048,989
list-idl-none,12,10,1,360,992577,2757
list-none-m,12,10,1,360,1076285,2989
list-none-s,12,10,1,360,931472,2587
list-none-none,12,10,1,360,1074791,2985
list-i-m,12,12,1,432,1073042,2483
list-i-s,12,12,1,432,1033785,2393
list-i-none,12,12,1,432,1150777,2663
list-d-m,12,12,1,432,783424,1813
list-d-s,12,12,1,432,1081797,2504
list-d-none,12,12,1,432,1087567,2517
list-l-m,12,12,1,432,994996,2303
list-l-s,12,12,1,432,2430946,5627
list-di-m,12,12,1,432,576653,1334
list-di-s,12,12,1,432,758000,1754
list-il-m,12,12,1,432,988225,2287
list-il-s,12,12,1,432,2510380,5811
list-dl-m,12,12,1,432,1391871,3221
list-dl-s,12,12,1,432,3015373,6980
list-idl-m,12,12,1,432,1234137,2856
list-idl-s,12,12,1,432,2227453,5156
list-none-m,12,12,1,432,378568,876
list-none-s,12,12,1,432,978739,2265
list-i-m,12,16,1,576,1030534,1789
list-i-s,12,16,1,576,375015,651
list-d-m,12,16,1,576,354065,614
list-d-s,12,16,1,576,988657,1716
list-l-m,12,16,1,576,1725164,2995
list-l-s,12,16,1,576,3737866,6489
list-di-m,12,16,1,576,744473,1292
list-di-s,12,16,1,576,946006,1642
list-di-none,12,16,1,576,932483,1618
list-il-m,12,16,1,576,1191459,2068
list-il-s,12,16,1,576,3313665,5752
list-dl-m,12,16,1,576,2201947,3822
list-dl-s,12,16,1,576,5005020,8689
list-idl-m,12,16,1,576,1897557,3294
list-idl-s,12,16,1,576,5252407,9118
list-none-m,12,16,1,576,1032829,1793
list-none-s,12,16,1,576,996692,1730
list-i-m,12,32,1,1152,1933037,1677
list-i-s,12,32,1,1152,3960324,3437
list-d-m,12,32,1,1152,1918743,1665
list-d-s,12,32,1,1152,1421528,1233
list-l-m,12,32,1,1152,8305031,7209
list-l-s,12,32,1,1152,23642991,20523
list-di-m,12,32,1,1152,1995299,1732
list-di-s,12,32,1,1152,4304405,3736
list-il-m,12,32,1,1152,7636025,6628
list-il-s,12,32,1,1152,15540032,13489
list-dl-m,12,32,1,1152,5977321,5188
list-dl-s,12,32,1,1152,20580829,17865
list-idl-m,12,32,1,1152,8371125,7266
list-idl-s,12,32,1,1152,21426946,18599
list-none-m,12,32,1,1152,2023608,1756
list-none-s,12,32,1,1152,3772971,3275
list-none-none,12,32,1,1152,671285,582
list-i-m,12,100,1,3600,9477898,2632
list-i-s,12,100,1,3600,21393609,5942
list-d-m,12,100,1,3600,9477646,2632
list-d-s,12,100,1,3600,22030162,6119
list-l-m,12,100,1,3600,60009443,16669
list-l-s,12,100,1,3600,185314347,51476
list-di-m,12,100,1,3600,10278457,2855
list-di-s,12,100,1,3600,24749277,6874
list-il-m,12,100,1,3600,81297520,22582
list-il-s,12,100,1,3600,161124483,44756
list-dl-m,12,100,1,3600,79554399,22098
list-dl-s,12,100,1,3600,146129124,40591
list-idl-m,12,100,1,3600,80263287,22295
list-idl-s,12,100,1,3600,235230596,65341
list-none-m,12,100,1,3600,9308483,2585
list-none-s,12,100,1,3600,30365568,8434
list-i-m,12,1000,1,36000,943132436,26198
list-i-s,12,1000,1,36000,2948432506,81900
list-d-m,12,1000,1,36000,1098167886,30504
list-d-s,12,1000,1,36000,3573860618,99273
list-d-none,12,1000,1,36000,112459261,3123
list-l-m,12,1000,1,36000,6331073228,175863
list-l-s,12,1000,1,36000,15741833719,437273
list-di-m,12,1000,1,36000,1137717964,31603
list-di-s,12,1000,1,36000,3423747178,95104
list-il-m,12,1000,1,36000,6152206971,170894
list-il-s,12,1000,1,36000,15561946121,432276
list-dl-m,12,1000,1,36000,8321184876,231144
list-dl-s,12,1000,1,36000,15614615313,433739
list-idl-m,12,1000,1,36000,8258929231,229414
list-idl-s,12,1000,1,36000,17022251572,472840
list-none-m,12,1000,1,36000,1090778850,30299
list-none-s,12,1000,1,36000,3799356734,105537
